name,bind,x,y
wt,0,0.0,0.0
"(R498Q,)",0,0.0,1.0
"(T500R,)",0,0.28173255684142967,0.9594929736144974
"(T500M,)",0,0.5406408174555976,0.8412535328311812
"(T500L,)",0,0.7557495743542583,0.6548607339452851
"(R498V,)",0,0.9096319953545183,0.41541501300188644
"(Y501T,)",0,0.9898214418809327,0.14231483827328512
"(Y501S,)",0,0.9898214418809328,-0.142314838273285
"(Y501N,)",0,0.9096319953545184,-0.4154150130018863
"(Y501H,)",0,0.7557495743542583,-0.654860733945285
"(T500W,)",0,0.5406408174555978,-0.8412535328311811
"(T500S,)",0,0.28173255684142967,-0.9594929736144974
"(P499H,)",0,1.2246467991473532e-16,-1.0
"(P499L,)",0,-0.2817325568414294,-0.9594929736144975
"(P499F,)",0,-0.5406408174555976,-0.8412535328311812
"(H505D,)",0,-0.7557495743542582,-0.6548607339452852
"(H505F,)",0,-0.9096319953545184,-0.4154150130018864
"(H505L,)",0,-0.9898214418809327,-0.14231483827328523
"(H505V,)",0,-0.9898214418809328,0.14231483827328487
"(H505Y,)",0,-0.9096319953545186,0.41541501300188605
"(R498L,)",0,-0.7557495743542582,0.6548607339452853
"(P499S,)",0,-0.5406408174555974,0.8412535328311812
"(P499Y,)",0,-0.2817325568414298,0.9594929736144974
"(R498Q,Y501T)",0,0.0,2.0
"(R498V,H505F)",0,0.1494601871728485,1.9944075943623603
"(R498Q,T500S)",0,0.2980845323523489,1.977661652450257
"(R498Q,T500R)",0,0.4450418679126288,1.9498558243636472
"(R498V,H505Y)",0,0.5895103488218084,1.9111456115722814
"(R498V,T500S)",0,0.7306820487327901,1.8617474972884085
"(R498Q,P499S)",0,0.8677674782351162,1.8019377358048383
"(R498Q,P499L)",0,1.0,1.7320508075688772
"(R498Q,T500M)",0,1.1266401161272441,1.6524775486319898
"(R498Q,P499Y)",0,1.246979603717467,1.5636629649360596
"(R498V,Y501T)",0,1.360345475541839,1.4661037436596527
"(T500S,H505Y)",0,1.4661037436596527,1.3603454755418387
"(T500S,H505L)",0,1.5636629649360596,1.2469796037174672
"(T500S,H505F)",0,1.6524775486319898,1.126640116127244
"(T500R,Y501T)",0,1.7320508075688774,0.9999999999999998
"(T500R,H505Y)",0,1.8019377358048383,0.8677674782351164
"(T500R,H505F)",0,1.8617474972884085,0.73068204873279
"(T500M,H505Y)",0,1.9111456115722816,0.5895103488218082
"(T500M,H505F)",0,1.9498558243636472,0.4450418679126289
"(T500L,H505Y)",0,1.977661652450257,0.29808453235234883
"(T500L,H505F)",0,1.9944075943623603,0.14946018717284834
"(Y501T,H505Y)",0,2.0,1.2246467991473532e-16
"(Y501T,H505F)",0,1.9944075943623603,-0.14946018717284854
"(Y501S,H505Y)",0,1.977661652450257,-0.29808453235234905
"(Y501S,H505F)",0,1.9498558243636472,-0.4450418679126287
"(Y501N,H505Y)",0,1.9111456115722814,-0.5895103488218084
"(Y501N,H505F)",0,1.8617474972884085,-0.7306820487327902
"(Y501H,H505Y)",0,1.8019377358048383,-0.8677674782351161
"(Y501H,H505F)",0,1.732050807568877,-1.0000000000000004
"(T500W,H505Y)",0,1.6524775486319896,-1.1266401161272441
"(T500W,H505F)",0,1.5636629649360598,-1.246979603717467
"(T500S,Y501T)",0,1.4661037436596525,-1.3603454755418392
"(P499L,H505Y)",0,1.3603454755418387,-1.4661037436596527
"(P499L,H505L)",0,1.2469796037174672,-1.5636629649360596
"(P499L,H505F)",0,1.1266401161272437,-1.65247754863199
"(P499H,Y501T)",0,0.9999999999999999,-1.7320508075688774
"(P499L,T500L)",0,0.8677674782351165,-1.801937735804838
"(P499H,T500W)",0,0.7306820487327896,-1.8617474972884087
"(P499H,T500S)",0,0.5895103488218084,-1.9111456115722816
"(P499H,Y501N)",0,0.445041867912629,-1.9498558243636472
"(P499S,T500M)",0,0.29808453235234855,-1.977661652450257
"(P499S,T500L)",0,0.14946018717284845,-1.9944075943623603
"(P499S,H505Y)",0,2.4492935982947064e-16,-2.0
"(P499S,H505F)",0,-0.14946018717284884,-1.9944075943623603
"(P499S,H505D)",0,-0.29808453235234894,-1.977661652450257
"(P499L,Y501T)",0,-0.44504186791262856,-1.9498558243636472
"(P499L,T500M)",0,-0.5895103488218087,-1.9111456115722814
"(P499L,T500W)",0,-0.7306820487327901,-1.8617474972884085
"(P499L,T500S)",0,-0.867767478235116,-1.8019377358048383
"(P499L,T500R)",0,-1.0000000000000002,-1.7320508075688772
"(P499F,T500S)",0,-1.1266401161272441,-1.6524775486319898
"(P499F,T500W)",0,-1.2469796037174676,-1.5636629649360592
"(P499F,Y501T)",0,-1.360345475541839,-1.4661037436596525
"(P499H,H505D)",0,-1.4661037436596527,-1.3603454755418387
"(P499H,H505F)",0,-1.5636629649360594,-1.2469796037174674
"(P499H,H505Y)",0,-1.6524775486319898,-1.126640116127244
"(P499H,T500L)",0,-1.7320508075688776,-0.9999999999999992
"(P499H,T500M)",0,-1.801937735804838,-0.8677674782351166
"(P499F,T500R)",0,-1.8617474972884087,-0.7306820487327897
"(P499H,T500R)",0,-1.9111456115722818,-0.5895103488218076
"(P499F,H505F)",0,-1.9498558243636472,-0.4450418679126292
"(P499F,H505Y)",0,-1.977661652450257,-0.29808453235234866
"(P499F,T500L)",0,-1.9944075943623603,-0.14946018717284767
"(P499F,T500M)",0,-2.0,-3.6739403974420594e-16
"(P499S,T500R)",0,-1.9944075943623603,0.14946018717284873
"(R498L,Y501T)",0,-1.977661652450257,0.29808453235234966
"(R498Q,H505F)",0,-1.9498558243636472,0.44504186791262845
"(R498Q,P499H)",0,-1.9111456115722814,0.5895103488218086
"(R498Q,P499F)",0,-1.8617474972884083,0.7306820487327907
"(R498Q,H505Y)",0,-1.8019377358048385,0.8677674782351159
"(R498Q,H505L)",0,-1.7320508075688772,1.0000000000000002
"(R498L,H505Y)",0,-1.6524775486319894,1.1266401161272448
"(P499Y,T500L)",0,-1.5636629649360598,1.2469796037174667
"(P499Y,H505Y)",0,-1.4661037436596525,1.360345475541839
"(P499Y,H505F)",0,-1.3603454755418383,1.4661037436596531
"(P499S,Y501T)",0,-1.2469796037174674,1.5636629649360594
"(P499S,T500S)",0,-1.126640116127244,1.6524775486319898
"(P499Y,T500M)",0,-0.9999999999999993,1.7320508075688776
"(R498G,H505Y)",0,-0.8677674782351167,1.801937735804838
"(P499Y,Y501T)",0,-0.7306820487327899,1.8617474972884085
"(P499Y,Y501N)",0,-0.5895103488218078,1.9111456115722816
"(P499Y,T500W)",0,-0.4450418679126293,1.949855824363647
"(P499Y,T500S)",0,-0.2980845323523488,1.977661652450257
"(P499Y,T500R)",0,-0.1494601871728478,1.9944075943623603
"(R498Q,Y501T,H505Y)",0,0.0,3.0
"(R498Q,Y501T,H505F)",0,0.12236575818475671,2.9975033980337487
"(R498Q,Y501S,H505Y)",0,0.24452785064118948,2.9900177474825798
"(R498Q,Y501S,H505F)",0,0.36628295062247956,2.977555507473083
"(R498Q,Y501N,H505Y)",0,0.4874284087806174,2.960137420173867
"(R498Q,Y501N,H505F)",0,0.6077625904562428,2.9377924762722634
"(R498Q,Y501H,H505Y)",0,0.727085211279637,2.9105578667221934
"(R498Q,Y501H,H505F)",0,0.845197670524289,2.878478920843492
"(R498Q,T500S,H505Y)",0,0.9619033816582064,2.8416090308757305
"(R498Q,T500S,H505F)",0,1.077008099542796,2.8000095631121003
"(R498Q,T500R,Y501T)",0,1.1903202437347273,2.7537497557612785
"(R498Q,T500R,H505Y)",0,1.3016512173526744,2.7029066037072575
"(R498Q,T500R,H505F)",0,1.4108157209782102,2.6475647303589636
"(R498Q,T500S,Y501T)",0,1.5176320610684044,2.587816246802942
"(R498V,T500S,H505Y)",0,1.6219224523667926,2.523760598493544
"(R498V,T500S,H505F)",0,1.7235133138093897,2.455504399735781
"(R498V,T500M,H505Y)",0,1.8222355574332423,2.3831612562363382
"(R498V,P499Y,H505Y)",0,1.9179248698066544,2.306851576018086
"(R498V,P499S,H505Y)",0,2.0104219855126786,2.22670236901281
"(R498V,P499H,H505Y)",0,2.099572952230685,2.142847035665711
"(R498V,P499H,H505F)",0,2.185229386974807,2.055425144903533
"(R498Q,P499S,H505Y)",0,2.267248723062775,1.9645822018358552
"(R498Q,P499S,H505F)",0,2.3454944474040893,1.8704694055762008
"(R498Q,P499L,H505Y)",0,2.41983632771259,1.77324339758603
"(R498Q,P499L,H505F)",0,2.4901506292652416,1.6730660009604885
"(R498Q,P499L,Y501T)",0,2.5563203208463694,1.5701039510898362
"(R498Q,T500M,H505Y)",0,2.6182352695345683,1.4645286181448443
"(R498Q,T500M,H505F)",0,2.6757924240080815,1.3565157218480575
"(R498Q,T500L,H505Y)",0,2.728895986063555,1.2462450390056592
"(R498Q,P499Y,Y501T)",0,2.777457570062694,1.1339001042867196
"(R498Q,P499Y,T500S)",0,2.821396350041434,1.0196679047478505
"(R498Q,P499Y,H505Y)",0,2.860639194236783,0.9037385686117031
"(R498Q,P499Y,H505F)",0,2.8951207868074196,0.7863050488173067
"(R498V,Y501S,H505F)",0,2.924783736545471,0.6675628018689433
"(R498V,Y501S,H505Y)",0,2.949578672398509,0.547709462518085
"(T500R,Y501T,H505Y)",0,2.969464325642798,0.426944514819856
"(T500R,Y501T,H505F)",0,2.9844075985710123,0.3054689601115066
"(T500R,Y501S,H505Y)",0,2.9943836195801006,0.1834849824655285
"(T500R,Y501S,H505F)",0,2.9993757845676194,0.061195612174216305
"(T500R,Y501H,H505Y)",0,2.9993757845676194,-0.06119561217421594
"(T500S,Y501H,H505Y)",0,2.994383619580101,-0.18348498246552744
"(T500M,Y501T,H505Y)",0,2.9844075985710123,-0.3054689601115056
"(T500M,Y501S,H505Y)",0,2.9694643256427984,-0.426944514819855
"(T500M,Y501S,H505F)",0,2.949578672398509,-0.5477094625180847
"(T500M,Y501H,H505Y)",0,2.924783736545471,-0.667562801868943
"(T500L,Y501T,H505Y)",0,2.89512078680742,-0.7863050488173065
"(T500L,Y501T,H505F)",0,2.860639194236783,-0.9037385686117021
"(R498V,Y501T,H505Y)",0,2.8213963500414345,-1.0196679047478496
"(R498V,Y501T,H505F)",0,2.7774575700626944,-1.1339001042867194
"(T500M,Y501T,H505F)",0,2.7288959860635553,-1.246245039005659
"(T500S,Y501N,H505Y)",0,2.675792424008082,-1.3565157218480564
"(T500S,Y501S,H505F)",0,2.6182352695345688,-1.4645286181448434
"(T500S,Y501S,H505Y)",0,2.55632032084637,-1.5701039510898356
"(T500W,Y501T,H505Y)",0,2.490150629265242,-1.6730660009604879
"(T500W,Y501T,H505F)",0,2.4198363277125905,-1.7732433975860293
"(T500W,Y501H,H505Y)",0,2.3454944474040897,-1.8704694055762006
"(T500S,Y501T,H505Y)",0,2.267248723062775,-1.964582201835855
"(T500S,Y501T,H505F)",0,2.1852293869748074,-2.0554251449035323
"(P499H,Y501T,H505Y)",0,2.099572952230685,-2.142847035665711
"(P499H,Y501T,H505F)",0,2.0104219855126795,-2.226702369012809
"(P499H,Y501S,H505Y)",0,1.9179248698066553,-2.3068515760180857
"(P499H,Y501S,H505F)",0,1.8222355574332432,-2.3831612562363373
"(P499H,Y501N,H505Y)",0,1.7235133138093905,-2.45550439973578
"(P499H,Y501N,H505F)",0,1.6219224523667934,-2.5237605984935434
"(P499H,Y501H,H505Y)",0,1.5176320610684053,-2.5878162468029418
"(P499H,T500W,H505Y)",0,1.4108157209782108,-2.6475647303589636
"(P499H,T500W,H505F)",0,1.3016512173526746,-2.702906603707257
"(P499H,T500S,H505Y)",0,1.1903202437347278,-2.753749755761278
"(P499H,T500S,H505F)",0,1.077008099542796,-2.8000095631121003
"(P499L,T500L,H505Y)",0,0.9619033816582064,-2.8416090308757305
"(P499L,T500M,H505F)",0,0.8451976705242902,-2.8784789208434916
"(P499S,T500L,H505Y)",0,0.727085211279638,-2.9105578667221934
"(P499S,T500L,H505F)",0,0.6077625904562438,-2.937792476272263
"(P499L,Y501T,H505Y)",0,0.4874284087806182,-2.960137420173867
"(P499L,Y501T,H505F)",0,0.3662829506224803,-2.977555507473083
"(P499L,Y501S,H505Y)",0,0.2445278506411901,-2.9900177474825798
"(P499L,Y501S,H505F)",0,0.1223657581847572,-2.9975033980337487
"(P499L,T500W,H505Y)",0,3.6739403974420594e-16,-3.0
"(P499L,T500W,H505F)",0,-0.12236575818475647,-2.9975033980337487
"(P499L,T500S,H505Y)",0,-0.24452785064118937,-2.9900177474825798
"(P499L,T500S,H505F)",0,-0.3662829506224783,-2.9775555074730833
"(P499L,T500R,H505Y)",0,-0.4874284087806162,-2.960137420173867
"(P499L,T500R,H505F)",0,-0.6077625904562418,-2.937792476272264
"(P499L,T500M,H505Y)",0,-0.727085211279636,-2.910557866722194
"(P499L,Y501N,H505Y)",0,-0.8451976705242882,-2.8784789208434924
"(P499S,T500M,H505F)",0,-0.9619033816582058,-2.8416090308757305
"(P499F,T500R,H505Y)",0,-1.0770080995427955,-2.8000095631121007
"(P499F,T500S,H505F)",0,-1.190320243734727,-2.7537497557612785
"(P499F,T500S,H505Y)",0,-1.301651217352674,-2.7029066037072575
"(P499F,T500W,H505F)",0,-1.41081572097821,-2.6475647303589636
"(P499F,T500W,H505Y)",0,-1.5176320610684044,-2.587816246802942
"(P499F,Y501H,H505Y)",0,-1.6219224523667917,-2.5237605984935443
"(P499F,Y501N,H505F)",0,-1.723513313809389,-2.455504399735781
"(P499F,Y501N,H505Y)",0,-1.8222355574332416,-2.3831612562363387
"(P499F,T500R,H505F)",0,-1.9179248698066536,-2.3068515760180865
"(P499F,Y501S,H505F)",0,-2.0104219855126777,-2.2267023690128105
"(P499F,Y501T,H505F)",0,-2.0995729522306847,-2.1428470356657114
"(P499F,Y501T,H505Y)",0,-2.1852293869748065,-2.0554251449035332
"(P499H,T500L,H505F)",0,-2.2672487230627745,-1.9645822018358556
"(P499H,T500L,H505Y)",0,-2.3454944474040893,-1.870469405576201
"(P499H,T500M,H505F)",0,-2.419836327712589,-1.7732433975860311
"(P499H,T500M,H505Y)",0,-2.4901506292652416,-1.6730660009604885
"(P499F,Y501S,H505Y)",0,-2.556320320846369,-1.5701039510898371
"(P499F,T500M,H505F)",0,-2.6182352695345683,-1.4645286181448438
"(P499H,T500R,H505Y)",0,-2.675792424008081,-1.3565157218480581
"(P499H,T500R,H505F)",0,-2.7288959860635553,-1.2462450390056592
"(P499F,T500M,H505Y)",0,-2.777457570062694,-1.1339001042867207
"(P499F,T500L,H505Y)",0,-2.821396350041434,-1.0196679047478523
"(P499S,T500M,H505Y)",0,-2.860639194236783,-0.9037385686117034
"(R498L,Y501T,H505F)",0,-2.895120786807419,-0.7863050488173084
"(R498L,P499S,H505Y)",0,-2.924783736545471,-0.6675628018689438
"(R498L,P499H,H505Y)",0,-2.9495786723985087,-0.5477094625180867
"(R498L,Y501T,H505Y)",0,-2.969464325642798,-0.4269445148198557
"(R498Q,P499H,T500S)",0,-2.984407598571012,-0.30546896011150765
"(R498Q,P499H,H505Y)",0,-2.994383619580101,-0.1834849824655282
"(R498Q,P499H,H505F)",0,-2.9993757845676194,-0.061195612174217345
"(R498Q,P499F,H505Y)",0,-2.9993757845676194,0.061195612174216235
"(R498Q,P499F,H505F)",0,-2.994383619580101,0.18348498246552708
"(R498Q,P499F,Y501T)",0,-2.9844075985710123,0.30546896011150393
"(R498G,Y501N,H505Y)",0,-2.9694643256427984,0.4269445148198546
"(R498G,T500W,H505Y)",0,-2.949578672398509,0.5477094625180831
"(P499S,Y501T,H505Y)",0,-2.924783736545471,0.6675628018689427
"(P499S,Y501T,H505F)",0,-2.8951207868074205,0.7863050488173047
"(P499S,Y501S,H505Y)",0,-2.860639194236783,0.9037385686117024
"(P499S,Y501S,H505F)",0,-2.821396350041435,1.0196679047478487
"(P499S,Y501N,H505Y)",0,-2.777457570062694,1.1339001042867196
"(P499S,Y501H,H505Y)",0,-2.7288959860635558,1.246245039005658
"(P499Y,T500L,H505F)",0,-2.6757924240080815,1.3565157218480572
"(P499S,T500W,H505Y)",0,-2.618235269534569,1.464528618144843
"(P499S,T500W,H505F)",0,-2.5563203208463707,1.570103951089834
"(P499S,T500S,H505Y)",0,-2.490150629265242,1.6730660009604876
"(P499S,T500S,H505F)",0,-2.4198363277125914,1.773243397586028
"(P499S,T500R,H505Y)",0,-2.3454944474040897,1.8704694055762001
"(P499S,T500R,H505F)",0,-2.2672487230627763,1.9645822018358536
"(P499S,Y501H,H505F)",0,-2.185229386974808,2.0554251449035323
"(P499Y,T500L,H505Y)",0,-2.0995729522306865,2.1428470356657097
"(P499Y,T500M,H505F)",0,-2.0104219855126786,2.2267023690128096
"(R498G,T500S,H505Y)",0,-1.9179248698066558,2.306851576018085
"(R498G,T500M,H505Y)",0,-1.8222355574332427,2.3831612562363382
"(P499Y,Y501T,H505Y)",0,-1.723513313809391,2.45550439973578
"(P499Y,Y501T,H505F)",0,-1.6219224523667948,2.523760598493542
"(P499Y,Y501S,H505Y)",0,-1.5176320610684055,2.5878162468029418
"(P499Y,Y501S,H505F)",0,-1.4108157209782122,2.6475647303589627
"(P499Y,Y501N,H505Y)",0,-1.301651217352675,2.702906603707257
"(P499Y,Y501N,H505F)",0,-1.1903202437347293,2.753749755761277
"(P499Y,Y501H,H505Y)",0,-1.0770080995427966,2.8000095631121003
"(P499Y,Y501H,H505F)",0,-0.9619033816582081,2.8416090308757296
"(P499Y,T500W,H505Y)",0,-0.8451976705242894,2.878478920843492
"(P499Y,T500W,H505F)",0,-0.7270852112796384,2.9105578667221934
"(P499Y,T500S,H505Y)",0,-0.6077625904562429,2.9377924762722634
"(P499Y,T500S,H505F)",0,-0.48742840878061855,2.960137420173867
"(P499Y,T500R,H505Y)",0,-0.366282950622482,2.977555507473083
"(P499Y,T500R,H505F)",0,-0.24452785064119043,2.9900177474825798
"(P499Y,T500M,H505Y)",0,-0.1223657581847589,2.9975033980337487
"(R498Q,T500W,Y501T,H505Y)",0,0.0,4.0
"(R498Q,T500W,Y501T,H505F)",0,0.19627069730967206,3.9951818248206896
"(R498Q,T500S,Y501T,H505Y)",0,0.3920685613182424,3.9807389066887877
"(R498Q,T500S,Y501T,H505F)",0,0.586921897821447,3.956706039859124
"(R498Q,T500S,Y501S,H505Y)",0,0.780361288064513,3.9231411216129217
"(R498Q,T500S,Y501N,H505Y)",0,0.9719207196130555,3.880125012778176
"(R498Q,T500S,Y501H,H505Y)",0,1.1611387090178493,3.8277613429288353
"(R498Q,T500R,Y501T,H505Y)",0,1.3475594135688802,3.7661762607320832
"(R498Q,T500R,Y501T,H505F)",0,1.5307337294603591,3.695518130045147
"(R498Q,T500R,Y501S,H505Y)",0,1.7102203737211283,3.6159571724937734
"(R498Q,T500R,Y501S,H505F)",0,1.8855869473039906,3.52768505739342
"(R498V,P499F,Y501T,H505Y)",0,2.0564109767728866,3.4309144400010885
"(R498V,T500S,Y501T,H505F)",0,2.2222809320784087,3.325878449210181
"(R498V,T500S,Y501S,H505Y)",0,2.3827972179697334,3.2128301259225798
"(R498V,T500S,Y501S,H505F)",0,2.537573136654582,3.092041813450948
"(R498V,P499Y,Y501T,H505Y)",0,2.6862358193880733,2.9638045014198364
"(R498V,P499Y,Y501T,H505F)",0,2.82842712474619,2.8284271247461903
"(R498V,P499Y,Y501S,H505Y)",0,2.9638045014198364,2.6862358193880733
"(R498V,P499S,Y501T,H505Y)",0,3.092041813450948,2.537573136654582
"(R498V,P499S,Y501T,H505F)",0,3.2128301259225793,2.382797217969734
"(R498V,P499F,Y501S,H505Y)",0,3.325878449210181,2.222280932078409
"(R498V,P499S,Y501S,H505Y)",0,3.4309144400010885,2.0564109767728866
"(R498V,P499L,Y501T,H505Y)",0,3.5276850573934198,1.8855869473039912
"(R498V,P499L,Y501T,H505F)",0,3.6159571724937734,1.7102203737211288
"(R498V,P499L,Y501S,H505Y)",0,3.695518130045147,1.5307337294603593
"(R498V,P499L,Y501S,H505F)",0,3.7661762607320832,1.3475594135688802
"(R498V,P499H,Y501T,H505Y)",0,3.8277613429288357,1.1611387090178493
"(R498V,P499H,Y501T,H505F)",0,3.880125012778176,0.9719207196130559
"(R498V,P499H,Y501S,H505Y)",0,3.9231411216129217,0.7803612880645133
"(R498V,P499H,T500S,H505Y)",0,3.956706039859124,0.586921897821447
"(R498V,P499S,Y501S,H505F)",0,3.9807389066887873,0.3920685613182431
"(R498V,T500S,Y501T,H505Y)",0,3.9951818248206896,0.1962706973096725
"(R498Q,T500M,Y501T,H505Y)",0,4.0,2.4492935982947064e-16
"(R498Q,T500M,Y501S,H505Y)",0,3.9951818248206896,-0.19627069730967203
"(R498Q,P499S,Y501H,H505Y)",0,3.9807389066887877,-0.3920685613182426
"(R498Q,P499S,Y501H,H505F)",0,3.956706039859124,-0.5869218978214465
"(R498Q,P499S,T500S,H505Y)",0,3.9231411216129217,-0.7803612880645128
"(R498Q,P499S,T500S,H505F)",0,3.880125012778176,-0.9719207196130555
"(R498Q,P499S,T500M,H505Y)",0,3.8277613429288357,-1.1611387090178487
"(R498Q,P499L,Y501T,H505Y)",0,3.7661762607320832,-1.3475594135688798
"(R498Q,P499S,Y501N,H505F)",0,3.695518130045147,-1.530733729460359
"(R498Q,P499L,Y501T,H505F)",0,3.615957172493774,-1.7102203737211275
"(R498Q,P499L,Y501S,H505Y)",0,3.52768505739342,-1.8855869473039908
"(R498Q,P499L,Y501S,H505F)",0,3.4309144400010885,-2.0564109767728866
"(R498Q,P499L,Y501N,H505Y)",0,3.325878449210182,-2.222280932078408
"(R498Q,P499L,Y501H,H505Y)",0,3.2128301259225798,-2.3827972179697334
"(R498Q,P499L,T500S,H505Y)",0,3.0920418134509484,-2.5375731366545815
"(R498Q,P499L,T500S,H505F)",0,2.963804501419836,-2.6862358193880738
"(R498Q,P499H,Y501T,H505Y)",0,2.8284271247461903,-2.82842712474619
"(R498Q,T500M,Y501T,H505F)",0,2.686235819388074,-2.9638045014198355
"(R498Q,P499S,Y501N,H505Y)",0,2.537573136654582,-3.092041813450948
"(R498Q,P499S,Y501S,H505Y)",0,2.382797217969734,-3.2128301259225793
"(R498Q,T500M,Y501N,H505Y)",0,2.2222809320784087,-3.3258784492101814
"(R498Q,T500M,Y501H,H505Y)",0,2.056410976772887,-3.430914440001088
"(R498Q,T500L,Y501T,H505Y)",0,1.8855869473039915,-3.5276850573934198
"(R498Q,T500L,Y501T,H505F)",0,1.7102203737211281,-3.6159571724937734
"(R498Q,P499Y,Y501T,H505Y)",0,1.5307337294603596,-3.695518130045147
"(R498Q,P499Y,Y501T,H505F)",0,1.3475594135688813,-3.766176260732083
"(R498Q,P499Y,Y501S,H505Y)",0,1.1611387090178495,-3.8277613429288353
"(R498Q,P499Y,Y501S,H505F)",0,0.9719207196130563,-3.880125012778176
"(R498Q,P499S,Y501S,H505F)",0,0.7803612880645144,-3.9231411216129217
"(R498Q,P499Y,Y501N,H505Y)",0,0.5869218978214472,-3.956706039859124
"(R498Q,P499Y,Y501H,H505Y)",0,0.3920685613182433,-3.9807389066887873
"(R498Q,P499Y,Y501H,H505F)",0,0.19627069730967187,-3.9951818248206896
"(R498Q,P499Y,T500S,H505Y)",0,4.898587196589413e-16,-4.0
"(R498Q,P499Y,T500S,H505F)",0,-0.1962706973096709,-3.9951818248206896
"(R498Q,P499Y,T500M,H505Y)",0,-0.39206856131824236,-3.9807389066887877
"(R498Q,P499S,Y501T,H505Y)",0,-0.5869218978214463,-3.956706039859124
"(R498Q,P499S,Y501T,H505F)",0,-0.7803612880645134,-3.9231411216129217
"(R498Q,P499Y,Y501N,H505F)",0,-0.9719207196130553,-3.880125012778176
"(P499H,T500M,Y501T,H505F)",0,-1.1611387090178484,-3.8277613429288357
"(R498Q,P499H,Y501T,H505F)",0,-1.3475594135688804,-3.7661762607320832
"(R498Q,P499H,Y501N,H505Y)",0,-1.5307337294603587,-3.6955181300451474
"(R498Q,P499H,Y501H,H505Y)",0,-1.7102203737211272,-3.615957172493774
"(P499H,T500S,Y501T,H505Y)",0,-1.8855869473039906,-3.52768505739342
"(P499H,T500S,Y501T,H505F)",0,-2.056410976772886,-3.4309144400010885
"(P499H,T500S,Y501S,H505Y)",0,-2.222280932078408,-3.325878449210182
"(P499L,T500S,Y501T,H505Y)",0,-2.382797217969733,-3.2128301259225798
"(P499L,T500S,Y501T,H505F)",0,-2.537573136654581,-3.0920418134509484
"(P499L,T500R,Y501T,H505Y)",0,-2.6862358193880738,-2.9638045014198364
"(P499H,T500R,Y501T,H505Y)",0,-2.82842712474619,-2.8284271247461907
"(P499F,T500R,Y501T,H505Y)",0,-2.9638045014198355,-2.6862358193880747
"(P499F,T500S,Y501T,H505F)",0,-3.0920418134509466,-2.5375731366545837
"(P499F,T500S,Y501T,H505Y)",0,-3.21283012592258,-2.3827972179697325
"(P499S,T500M,Y501T,H505Y)",0,-3.325878449210181,-2.2222809320784087
"(R498L,T500W,Y501T,H505Y)",0,-3.430914440001088,-2.056410976772887
"(R498L,T500W,Y501T,H505F)",0,-3.5276850573934198,-1.8855869473039915
"(R498L,T500S,Y501T,H505Y)",0,-3.6159571724937725,-1.71022037372113
"(R498L,T500S,Y501T,H505F)",0,-3.695518130045146,-1.5307337294603613
"(R498L,T500R,Y501T,H505Y)",0,-3.7661762607320832,-1.3475594135688798
"(R498L,T500R,Y501T,H505F)",0,-3.8277613429288353,-1.1611387090178498
"(R498L,T500M,Y501T,H505Y)",0,-3.880125012778176,-0.9719207196130565
"(R498L,T500M,Y501T,H505F)",0,-3.9231411216129213,-0.7803612880645147
"(R498L,T500L,Y501T,H505Y)",0,-3.9567060398591236,-0.5869218978214492
"(R498L,T500L,Y501T,H505F)",0,-3.9807389066887877,-0.3920685613182418
"(R498L,P499Y,Y501T,H505Y)",0,-3.9951818248206896,-0.19627069730967212
"(R498L,P499Y,Y501T,H505F)",0,-4.0,-7.347880794884119e-16
"(R498L,P499S,Y501T,H505F)",0,-3.9951818248206896,0.19627069730967064
"(R498L,P499L,Y501T,H505Y)",0,-3.9807389066887877,0.39206856131824036
"(R498L,P499L,Y501T,H505F)",0,-3.9567060398591236,0.5869218978214478
"(R498L,P499H,Y501T,H505Y)",0,-3.9231411216129217,0.7803612880645132
"(R498L,P499H,Y501T,H505F)",0,-3.880125012778176,0.971920719613055
"(R498L,P499F,Y501T,H505Y)",0,-3.8277613429288357,1.1611387090178482
"(R498L,P499F,Y501T,H505F)",0,-3.7661762607320837,1.3475594135688784
"(R498L,P499S,Y501T,H505Y)",0,-3.6955181300451465,1.53073372946036
"(R498Q,P499H,Y501H,H505F)",0,-3.6159571724937734,1.7102203737211286
"(R498Q,P499H,T500S,H505Y)",0,-3.52768505739342,1.8855869473039903
"(R498Q,P499H,T500S,H505F)",0,-3.430914440001089,2.056410976772886
"(R498Q,P499H,T500R,H505Y)",0,-3.325878449210182,2.2222809320784074
"(R498Q,P499H,T500M,H505Y)",0,-3.212830125922581,2.3827972179697317
"(R498Q,P499F,Y501T,H505Y)",0,-3.0920418134509475,2.5375731366545824
"(R498Q,P499F,Y501T,H505F)",0,-2.9638045014198364,2.6862358193880733
"(R498Q,P499F,Y501S,H505Y)",0,-2.8284271247461907,2.8284271247461894
"(R498Q,P499F,Y501N,H505Y)",0,-2.6862358193880747,2.9638045014198355
"(R498Q,P499F,Y501N,H505F)",0,-2.5375731366545837,3.0920418134509466
"(R498Q,P499F,Y501H,H505Y)",0,-2.382797217969733,3.21283012592258
"(R498Q,P499F,T500S,H505Y)",0,-2.2222809320784087,3.325878449210181
"(R498Q,P499F,T500S,H505F)",0,-2.0564109767728875,3.430914440001088
"(P499S,T500S,Y501T,H505Y)",0,-1.8855869473039917,3.5276850573934193
"(P499S,T500S,Y501T,H505F)",0,-1.7102203737211301,3.6159571724937725
"(P499S,T500R,Y501T,H505Y)",0,-1.5307337294603616,3.695518130045146
"(R498G,T500M,Y501N,H505Y)",0,-1.34755941356888,3.7661762607320832
"(P499Y,T500S,Y501T,H505Y)",0,-1.16113870901785,3.8277613429288353
"(P499Y,T500S,Y501T,H505F)",0,-0.9719207196130567,3.880125012778176
"(P499Y,T500R,Y501T,H505Y)",0,-0.7803612880645149,3.9231411216129213
"(P499Y,T500M,Y501T,H505Y)",0,-0.5869218978214495,3.9567060398591236
"(R498Q,P499H,Y501N,H505F)",0,-0.392068561318242,3.9807389066887877
"(P499H,T500M,Y501T,H505Y)",0,-0.19627069730967237,3.9951818248206896
"(R498V,P499S,T500S,Y501T,H505Y)",0,0.0,5.0
"(R498V,P499H,T500S,Y501T,H505Y)",0,1.4086627842071484,4.7974648680724865
"(R498Q,P499S,T500S,Y501T,H505Y)",0,2.703204087277988,4.206267664155906
"(R498Q,P499S,T500S,Y501T,H505F)",0,3.7787478717712912,3.2743036697264256
"(R498Q,P499S,T500S,Y501N,H505Y)",0,4.548159976772592,2.0770750650094323
"(R498Q,P499S,T500M,Y501T,H505Y)",0,4.949107209404663,0.7115741913664255
"(R498Q,P499L,T500S,Y501T,H505Y)",0,4.949107209404664,-0.7115741913664251
"(R498Q,P499L,T500S,Y501T,H505F)",0,4.548159976772592,-2.0770750650094314
"(R498Q,P499L,T500R,Y501T,H505Y)",0,3.7787478717712912,-3.274303669726425
"(R498Q,P499Y,T500S,Y501T,H505Y)",0,2.7032040872779888,-4.206267664155906
"(R498Q,P499Y,T500S,Y501T,H505F)",0,1.4086627842071484,-4.7974648680724865
"(R498L,P499Y,T500S,Y501T,H505Y)",0,6.123233995736766e-16,-5.0
"(R498L,P499S,T500S,Y501T,H505Y)",0,-1.4086627842071469,-4.797464868072487
"(R498L,P499L,T500S,Y501T,H505Y)",0,-2.703204087277988,-4.206267664155906
"(R498L,P499H,T500S,Y501T,H505Y)",0,-3.778747871771291,-3.274303669726426
"(R498L,P499H,T500S,Y501T,H505F)",0,-4.548159976772592,-2.077075065009432
"(R498L,P499F,T500S,Y501T,H505Y)",0,-4.949107209404663,-0.7115741913664262
"(R498Q,P499H,T500S,Y501T,H505Y)",0,-4.949107209404664,0.7115741913664243
"(R498Q,P499H,T500S,Y501T,H505F)",0,-4.548159976772593,2.07707506500943
"(R498Q,P499H,T500M,Y501T,H505Y)",0,-3.778747871771291,3.2743036697264265
"(R498Q,P499F,T500S,Y501T,H505Y)",0,-2.703204087277987,4.206267664155906
"(R498Q,P499F,T500S,Y501T,H505F)",0,-1.4086627842071489,4.7974648680724865
